first_ticket_id,return_ticket_id,first_message,return_message,deterministic_evidence_pass,model_same_issue,model_issue_category,model_confidence,model_uncertain,model_reason,human_same_issue,human_issue_category,human_uncertain,human_notes
TK-250511,TK-250821,"the parcel looked like it was kicked here from the warehouse, and the unit has a crack","my dad has an old nokia, will the watch app run. please help",True,,transit_damage,0.35,True,Offline mode cannot confidently compare one or both messages.,,,,
TK-249355,TK-249631,"the festive offer vanished when i clicked pay, vr884677, please help","order status stuck on shipped since 13-01-2026, vr884677",True,False,missing_delivery_tracking,0.9,False,Offline development rules produced different categories.,,,,
TK-245737,TK-245814,my company accounts team is asking for the tax bill. can someone fix this?,"Hello, Ordered my Pulse 2 in October. There's a dent on teh case straight out of the box. Waiting for ur reply. Thanks & regards Riya",True,,invoice_request,0.35,True,Offline mode cannot confidently compare one or both messages.,,,,
TK-252148,TK-252360,"hii
promo code shows invalid
my pulsse 2","hi
promo code shows invalid",False,True,coupon_discount_failure,0.9,False,Offline development rules produced matching categories.,,,,
TK-247854,TK-248066,Pathetic experience honestly.  Got Pulse erbuds from vireo.in lst month. everything sounds like it is coming from one direction now. I already tried different phone. Refund. Now.,update faled and now it won't turn on - i want a replaecment,True,,firmware_update_failure,0.35,True,Offline mode cannot confidently compare one or both messages.,,,,
TK-252786,TK-253247,"Namaste,
Ordereed braided cable 3 weeks back. My order has not been delivered yet.
I checked with neighbours.
Pleaes resolve asap.
Thanks in advance Shreya Saxena","helo
order status stuck on shipped since 22/04
kindly do the needful",True,True,missing_delivery_tracking,0.9,False,Offline development rules produced matching categories.,,,,
TK-241022,TK-241091,"hi
the page failed after i paid and now nothing shwos in my account
nexa 2
hello??","[IVR transcript] This is regarding the Nexa 2.  It has been 4 days and I have nothing in hand. Can someone fix this? Thanks, Meera",True,,other,0.35,True,Offline mode cannot confidently compare one or both messages.,,,,
TK-242968,TK-243238,invoice not downloading,since the last update the app just shows a white screen - kindly look into it,True,False,app_crash_failure,0.9,False,Offline development rules produced different categories.,,,,
