week_start,tickets_created,created_chat,created_email,created_voice,created_social,created_support_capacity_inr,tickets_completed,resolved_count,auto_closed_count,mature_for_repeat_measurement,created_transfer_count,csat_response_count,average_csat
2024-12-30,47,21,13,9,4,13430,37,33,4,37,6,18,3.722
2025-01-06,54,29,12,6,7,14010,50,45,5,50,11,24,3.708
2025-01-13,59,22,26,6,5,15700,55,47,8,55,2,26,3.462
2025-01-20,82,35,27,11,9,22250,70,65,5,70,7,35,3.714
2025-01-27,67,25,20,18,4,20770,62,55,7,62,9,19,3.526
2025-02-03,78,35,27,6,10,19890,80,73,7,80,6,39,3.333
2025-02-10,68,24,22,11,11,19120,66,63,3,66,6,30,3.367
2025-02-17,83,41,24,12,6,22530,68,63,5,68,8,29,3.207
2025-02-24,80,31,26,16,7,23270,86,80,6,86,3,40,3.525
2025-03-03,96,48,31,7,10,24180,83,74,9,83,7,31,3.419
2025-03-10,88,34,29,13,12,24320,81,73,8,81,10,35,3.114
2025-03-17,99,37,36,18,8,28410,88,76,12,88,15,37,3.027
2025-03-24,98,45,36,10,7,25690,96,91,5,96,10,44,3.045
2025-03-31,86,40,33,6,7,21780,88,78,10,88,5,38,3.263
2025-04-07,80,42,19,12,7,21680,69,60,9,69,10,25,3.28
2025-04-14,91,38,38,11,4,24540,88,83,5,88,7,40,3.15
2025-04-21,108,37,39,14,18,29510,99,91,8,99,14,54,3.278
2025-04-28,98,45,24,18,11,27690,89,80,9,89,15,42,3.452
2025-05-05,108,51,32,17,8,29790,100,93,7,100,10,47,2.957
2025-05-12,89,44,25,13,7,24180,93,82,11,93,7,42,3.524
2025-05-19,110,53,25,15,17,29510,109,100,9,109,9,42,3.238
2025-05-26,107,42,31,21,13,30920,99,91,8,99,9,45,3.244
2025-06-02,93,40,26,20,7,27240,88,77,11,88,10,37,3.189
2025-06-09,100,40,29,19,12,28700,91,82,9,91,15,42,3.143
2025-06-16,108,52,31,16,9,29460,95,86,9,95,17,42,3.119
2025-06-23,87,31,25,22,9,26610,89,78,11,89,7,39,3.513
2025-06-30,102,45,32,14,11,27690,98,91,7,98,13,54,3.426
2025-07-07,94,41,29,13,11,25550,82,78,4,82,10,29,3.241
2025-07-14,101,42,38,14,7,27660,96,89,7,96,13,41,3.659
2025-07-21,114,49,40,11,14,29770,108,98,10,108,15,42,3.476
2025-07-28,130,52,37,23,18,36820,119,107,12,119,14,56,3.429
2025-08-04,124,52,47,15,10,33340,116,98,18,116,10,56,3.393
2025-08-11,172,82,47,30,13,48160,162,151,11,162,11,79,3.456
2025-08-18,153,65,50,27,11,43330,155,132,23,155,13,60,3.217
2025-08-25,171,83,53,20,15,45210,161,148,13,161,18,72,3.514
2025-09-01,182,85,61,18,18,47390,167,160,7,167,12,70,3.386
2025-09-08,184,78,54,34,18,52420,172,155,17,172,11,72,3.292
2025-09-15,153,62,53,20,18,41520,148,132,16,148,16,73,3.493
2025-09-22,167,83,43,26,15,45730,162,143,19,162,14,76,3.474
2025-09-29,169,78,49,26,16,46480,160,132,28,160,24,74,3.108
2025-10-06,203,96,67,18,22,52220,188,169,19,188,16,87,3.448
2025-10-13,216,99,61,36,20,60170,196,165,31,196,13,86,3.326
2025-10-20,215,90,84,24,17,57300,208,189,19,208,19,86,3.209
2025-10-27,224,96,77,32,19,61380,215,197,18,215,18,100,3.27
2025-11-03,228,86,93,26,23,61280,211,189,22,211,13,99,3.374
2025-11-10,213,93,78,23,19,56330,199,183,16,199,22,73,3.411
2025-11-17,240,99,77,36,28,66250,232,205,27,232,23,99,3.354
2025-11-24,232,94,69,38,31,64880,210,186,24,210,14,99,3.394
2025-12-01,230,95,78,39,18,64830,224,203,21,224,30,100,3.26
2025-12-08,197,94,42,31,30,53980,193,180,13,193,23,85,3.341
2025-12-15,206,102,57,26,21,54800,206,187,19,206,19,98,3.214
2025-12-22,196,78,70,37,11,56460,180,170,10,180,21,73,3.247
2025-12-29,177,83,45,31,18,49570,165,144,21,165,18,73,3.329
2026-01-05,200,67,58,42,33,58910,193,178,15,193,30,74,3.203
2026-01-12,198,83,71,25,19,53450,193,174,19,193,16,90,3.3
2026-01-19,196,93,58,33,12,54650,177,165,12,177,19,75,3.347
2026-01-26,188,79,65,20,24,49650,182,167,15,182,18,88,3.295
2026-02-02,180,79,49,32,20,50770,173,148,25,173,17,82,3.244
2026-02-09,178,85,48,27,18,48690,173,155,18,173,13,70,3.414
2026-02-16,190,80,67,26,17,51820,173,155,18,173,21,81,3.556
2026-02-23,204,90,67,26,21,54880,199,178,21,199,19,84,3.19
2026-03-02,184,78,60,27,19,50580,182,162,20,182,19,77,3.156
2026-03-09,201,87,68,24,22,53710,190,165,25,190,31,75,3.467
2026-03-16,184,76,61,22,25,49260,175,153,22,175,19,83,3.036
2026-03-23,194,78,60,28,28,53260,184,162,22,184,25,88,3.432
2026-03-30,190,86,55,25,24,51120,181,161,20,181,18,79,3.367
2026-04-06,203,88,77,24,14,54340,200,183,17,200,18,105,3.324
2026-04-13,201,85,60,32,24,55850,185,169,16,185,19,72,3.306
2026-04-20,189,84,63,21,21,49980,189,165,24,189,8,84,3.31
2026-04-27,174,78,46,33,17,49580,164,152,12,164,22,73,3.26
2026-05-04,157,67,54,21,15,42630,153,134,19,153,13,61,3.18
2026-05-11,231,95,88,28,20,62190,195,178,17,195,23,86,3.267
2026-05-18,204,95,64,30,15,55790,200,187,13,200,15,89,3.539
2026-05-25,186,70,71,26,19,51240,172,156,16,172,26,75,3.213
2026-06-01,171,80,59,18,14,44860,173,160,13,0,12,65,3.138
2026-06-08,203,88,67,25,23,54420,185,169,16,0,20,82,3.256
2026-06-15,167,78,50,21,18,44620,164,146,18,0,21,72,3.139
2026-06-22,199,94,68,24,13,53020,192,178,14,0,21,90,3.256
2026-06-29,46,14,16,9,7,13460,62,55,7,0,8,29,3.448
2026-07-06,0,0,0,0,0,0,4,3,1,0,0,1,2.0
2026-07-13,0,0,0,0,0,0,1,1,0,0,0,0,
